<?xml version="1.0" encoding="UTF-8" standalone="yes"?>
<addon id="repository.TheScouseBuild" version="1.0" name="[B]The[COLOR MediumSlateBlue]ScouseBuild[/COLOR] Repo[/B]" provider-name="the-scouse-build">
	<extension point="xbmc.addon.repository" name="[B]The[COLOR MediumSlateBlue]ScouseBuild[/COLOR] Repo[/B]">
		<info compressed="false">https://raw.githubusercontent.com/the-scouse-build/master/_zip/addons.xml</info>
		<checksum>https://raw.githubusercontent.com/the-scouse-build/master/_zip/addons.xml.md5</checksum>
		<datadir zip="true">https://raw.githubusercontent.com/the-scouse-build/master/_zip/</datadir>
	</extension>
	<extension point="xbmc.addon.metadata">
		<summary lang="en">[B]The [COLOR MediumSlateBlue]Scouse Build[/COLOR][/B]</summary>
		<description lang="en">[B]The [COLOR MediumSlateBlue]Scouse Build[/COLOR] repository.[/B]</description>
		<platform>all</platform>
	</extension>
</addon>