<?xml version="1.0" encoding="UTF-8" standalone="yes"?>
<addon id="repository.TheScouseBuild" version="1.0" name="[B]The [COLOR mediumslateblue]Scouse[/COLOR] Repo[/B]" provider-name="the-scouse-build">
	<extension point="xbmc.addon.repository" name="[B]The [COLOR mediumslateblue]Scouse[/COLOR] Repo[/B]">
		<info compressed="false">https://raw.githubusercontent.com/the-scouse-build/the-scouse-build.github.io/master/_zip//addons.xml</info>
		<checksum>https://raw.githubusercontent.com/the-scouse-build/the-scouse-build.github.io/master/_zip//addons.xml.md5</checksum>
		<datadir zip="true">https://raw.githubusercontent.com/the-scouse-build/the-scouse-build.github.io/master/_zip//</datadir>
	</extension>
	<extension point="xbmc.addon.metadata">
		<summary lang="en">[B]The [COLOR mediumslateblue]Scouse Build[/COLOR] Repo[/B]</summary>
		<description lang="en">[B]The [COLOR mediumslateblue]Scouse Build[/COLOR] repository.[/B]</description>
		<platform>all</platform>
	</extension>
</addon>