<?xml version="1.0" encoding="UTF-8" standalone="yes"?>
<addon id="plugin.program.TheScouseBuildWizard" name="[B]The [COLOR MediumSlateBlue]Scouse Build[/COLOR] Wizard[/B]" version="1.0" provider-name="the-scouse-build">
	<requires>
		<import addon="xbmc.python" version="2.1.0"/>
	</requires>
	<extension point="xbmc.python.pluginsource" library="default.py">
		<provides>executable</provides>
	</extension>
	<extension point="xbmc.service" library="startup.py" start="startup" />
	<extension point="xbmc.addon.metadata">
		<summary lang="en">[B]The [COLOR MediumSlateBlue]Scouse Build[/COLOR] Wizard[/B]</summary>
		<description lang="en">[B]The [COLOR MediumSlateBlue]Scouse Build[/COLOR] Wizard[/B] contains the latest [COLOR MediumSlateBlue]Scouse Builds[/COLOR].</description>
		<platform>all</platform>
	</extension>
</addon>